"","t_test_pval","siRNA","padj_FDR","padj_bonferroni"
"Mock",0.20419513222214,"Mock",0.272260176296187,1
"NT",0.376859211385567,"NT",0.376859211385567,1
"Gapdh",0.158374854561289,"Gapdh",0.272260176296187,1
"E2f3",0.202931741793386,"E2f3",0.272260176296187,1
"Taf1",0.00036561558267285,"Taf1",0.0029249246613828,0.0029249246613828
"Klf12",0.332048610335653,"Klf12",0.376859211385567,1
"Maz",0.00608106253717121,"Maz",0.0243242501486848,0.0486485002973697
"Bclaf1",0.176320191903624,"Bclaf1",0.272260176296187,1
