"","pval","siRNA","padj_FDR","padj_bonferroni"
"Mock",0.994117853128113,"Mock",0.994117853128113,1
"NT",0.441088966241044,"NT",0.594961414276163,1
"Gapdh",0.779878752291777,"Gapdh",0.891290002619173,1
"E2f3",0.146853883482317,"E2f3",0.482486722418647,1
"Taf1",0.0081672208415706,"Taf1",0.0653377667325648,0.0653377667325648
"Klf12",0.401073058982362,"Klf12",0.594961414276163,1
"Maz",0.180932520906993,"Maz",0.482486722418647,1
"Bclaf1",0.446221060707123,"Bclaf1",0.594961414276163,1
